{"Buy":[140001250210828,0.07631001],"Sell":[240001250206721,0.07680106]}
